-- Adminer 4.7.7 MySQL dump

SET NAMES utf8;
SET time_zone = '+00:00';
SET foreign_key_checks = 0;
SET sql_mode = 'NO_AUTO_VALUE_ON_ZERO';

SET NAMES utf8mb4;

DROP DATABASE IF EXISTS `
s`;
CREATE DATABASE `Phones` /*!40100 DEFAULT CHARACTER SET utf8mb4 */;
USE `Phones`;

DROP TABLE IF EXISTS `attributes`;
CREATE TABLE `attributes` (
  `id` int(11) NOT NULL AUTO_INCREMENT,
  `name` varchar(50) NOT NULL,
  PRIMARY KEY (`id`)
) ENGINE=InnoDB DEFAULT CHARSET=utf8mb4;

INSERT INTO `attributes` (`id`, `name`) VALUES
(1,	'Boja'),
(2,	'Prednja Kamera'),
(3,	'Procesor'),
(4,	'Interna memorija'),
(5,	'RAM Memorija'),
(6,	'Baterija'),
(7,	'Zadnja Kamera'),
(8,	'Rezolucija'),
(9,	'Veličina ekrana'),
(10,	'Model'),
(11,	'Proizvođač');

DROP TABLE IF EXISTS `attribute_values`;
CREATE TABLE `attribute_values` (
  `id` int(11) NOT NULL AUTO_INCREMENT,
  `name` varchar(50) NOT NULL,
  `attr_id` int(11) NOT NULL,
  PRIMARY KEY (`id`),
  KEY `attr_id` (`attr_id`),
  CONSTRAINT `attribute_values_ibfk_4` FOREIGN KEY (`attr_id`) REFERENCES `attributes` (`id`) ON DELETE NO ACTION ON UPDATE NO ACTION
) ENGINE=InnoDB DEFAULT CHARSET=utf8mb4;

INSERT INTO `attribute_values` (`id`, `name`, `attr_id`) VALUES
(1,	'Crna',	1),
(2,	'Bela',	1),
(3,	'Plava',	1),
(4,	'Crvena',	1),
(5,	'32 MP',	2),
(6,	'10 MP',	2),
(7,	'8 MP, 2 MP',	2),
(8,	'25 MP',	2),
(9,	'16 MP',	2),
(10,	'8 MP',	2),
(11,	'7 MP',	2),
(12,	'12 MP',	2),
(13,	'24 MP',	2),
(14,	'5 MP',	2),
(15,	'20 MP',	2),
(16,	'13 MP',	2),
(17,	'8MP, 5MP',	2),
(18,	'12 MP, 12 MP, 16 MP',	7),
(19,	'12 MP',	7),
(20,	'32 MP, 8MP, 5 MP',	7),
(21,	'25 MP, 8MP, 5MP',	7),
(22,	'16 MP, 5 MP',	7),
(23,	'13 MP, 5 MP',	7),
(24,	'48 MP',	7),
(25,	'48 MP, 8MP, 2 MP',	7),
(26,	'12 MP, 8 MP, 16 MP',	7),
(27,	'40 MP, 8 MP, 20 MP',	7),
(28,	'16 MP, 24 MP',	7),
(29,	'13 MP',	7),
(30,	'24 MP, 8 MP, 2 MP',	7),
(31,	'16 MP, 8 MP, 5 MP',	7),
(32,	'64 MP, 8 MP, 2 MP, 2 MP',	7),
(33,	'48 MP, 8 MP, 13 MP',	7),
(34,	'48 MP, 8MP, 2MP, 2MP',	7),
(35,	'108 MP, 12 MP, 8MP, 20 MP, 2MP',	7),
(36,	'48 MP, 5 MP',	7),
(37,	'48 MP, 12 MP, 16 MP',	7),
(38,	'12 MP, 13 MP, 2 MP',	7),
(39,	'12 MP, 16 MP, 5 MP',	7),
(40,	'13 MP, 2 MP',	7),
(41,	'12 MP, 12 MP, 12 MP',	7),
(42,	'64 MP, 13 MP, 13 MP',	7),
(43,	'Exynos 9820',	3),
(44,	'Exynos 9825',	3),
(45,	'Exynos 9810',	3),
(46,	'Exynos 8895',	3),
(47,	'Snapdragon 675',	3),
(48,	'Exynos 9610',	3),
(49,	'Exynos 7904',	3),
(50,	'Apple A11 Bionic',	3),
(51,	'Apple A13 Bionic',	3),
(52,	'Apple A12 Bionic',	3),
(53,	'Kirin 980',	3),
(54,	'Kirin 710F',	3),
(55,	'Kirin 970',	3),
(56,	'MT6761 Helio A22',	3),
(57,	'MT6765 Helio P35',	3),
(58,	'Kirin 710',	3),
(59,	'MT6771 Helio P60',	3),
(60,	'Snapdragon 636',	3),
(61,	'Helio G90T',	3),
(62,	'Snapdragon 730',	3),
(63,	'Snapdragon 665',	3),
(64,	'Snapdragon 730G',	3),
(65,	'Snapdragon 660',	3),
(66,	'Snapdragon 712',	3),
(67,	'Snapdragon 855',	3),
(68,	'Snapdragon 835',	3),
(69,	'Snapdragon 439',	3),
(70,	'Snapdragon 845',	3),
(71,	'MT6762 Helio P22',	3),
(72,	'Exynos 9609',	3),
(73,	'Snapdragon 630',	3),
(74,	'Snapdragon 855+',	3),
(75,	'128 GB',	4),
(76,	'256 GB',	4),
(77,	'64 GB',	4),
(78,	'8 GB RAM',	5),
(79,	'4 GB RAM',	5),
(80,	'6 GB RAM',	5),
(81,	'3 GB RAM',	5),
(82,	'2 GB RAM',	5),
(83,	'3400mAh Li-Ion',	6),
(84,	'3500mAh Li-Ion',	6),
(85,	'3000mAh Li-Ion',	6),
(86,	'4500mAh Li-Po',	6),
(87,	'4000mAh Li-Po',	6),
(88,	'5000mAh Li-Po',	6),
(89,	'2716mAh Li-Ion',	6),
(90,	'3110mAh Li-Ion',	6),
(91,	'3174mAh Li-Ion',	6),
(92,	'2942mAh Li-Ion',	6),
(93,	'3020mAh Li-Ion',	6),
(94,	'4200mAh Li-Po',	6),
(95,	'3060mAh Li-Ion',	6),
(96,	'5260mAh Li-Po',	6),
(97,	'3070mAh Li-Po',	6),
(98,	'3300mAh Li-Po',	6),
(99,	'4030mAh Li-Po',	6),
(100,	'3000mAh Li-Po',	6),
(101,	'2870mAh Li-Ion',	6),
(102,	'3140mAh Li-Ion',	6),
(103,	'3260mAh Li-Ion',	6),
(104,	'1440 x 3040 pixels',	8),
(105,	'1080 x 2280 pixels',	8),
(106,	'1440 x 2960 pixels',	8),
(107,	'1080 x 2400 pixels',	8),
(108,	'1080 x 2340 pixels',	8),
(109,	'1125 x 2436 pixels',	8),
(110,	'828 x 1792 pixels',	8),
(111,	'1242 x 2688 pixels',	8),
(112,	'1080 x 2310 pixels',	8),
(113,	'1080 x 2244 pixels',	8),
(114,	'720 x 1520 pixels',	8),
(115,	'720 x 1560 pixels',	8),
(116,	'1080 x 2160 pixels',	8),
(117,	'1440 x 3120 pixels',	8),
(118,	'1080 x 2520 pixels',	8),
(119,	'1080 x 2256 pixels',	8),
(120,	'6.1\"',	9),
(121,	'6.3\"',	9),
(122,	'5.8\"',	9),
(123,	'6.7\"',	9),
(124,	'6.4\"',	9),
(125,	'6.5\"',	9),
(126,	'6.59\"',	9),
(127,	'6.53\"',	9),
(128,	'5.84\"',	9),
(129,	'5.71\"',	9),
(130,	'6.09\"',	9),
(131,	'6.21\"',	9),
(132,	'6.47\"',	9),
(133,	'5.86\"',	9),
(134,	'6.39\"',	9),
(135,	'5.97\"',	9),
(136,	'5.99\"',	9),
(137,	'6.09\"',	9),
(138,	'6.22\"',	9),
(139,	'6.26\"',	9),
(140,	'6.0\"',	9),
(141,	'6.89\"',	9),
(142,	'S10',	10),
(143,	'Note 10',	10),
(144,	'S9',	10),
(145,	'S8',	10),
(146,	'A70',	10),
(147,	'A50',	10),
(148,	'A30',	10),
(149,	'M20',	10),
(150,	'X',	10),
(151,	'11',	10),
(152,	'Xs Max',	10),
(153,	'Xr',	10),
(154,	'View 20',	10),
(155,	'9x',	10),
(156,	'Mate 20',	10),
(157,	'10',	10),
(158,	'Y5 2019',	10),
(159,	'8A Play',	10),
(160,	'20 Lite',	10),
(161,	'P30 Pro',	10),
(162,	'5.1 Plus',	10),
(163,	'6.2',	10),
(164,	'Redmi Note 8 Pro',	10),
(165,	'Mi 9T',	10),
(166,	'Redmi Note 8',	10),
(167,	'Mi Note 10',	10),
(168,	'Redmi Note 7',	10),
(169,	'Mi 9 SE',	10),
(170,	'Mi 9',	10),
(171,	'Mi Mix 2',	10),
(172,	'Mi A3',	10),
(173,	'Redmi 8A',	10),
(174,	'V40 ThinQ',	10),
(175,	'W30',	10),
(176,	'Moto One Action',	10),
(177,	'Moto E6 Plus',	10),
(178,	'5',	10),
(179,	'Nex 3',	10),
(180,	'Z3x',	10),
(181,	'Samsung',	11),
(182,	'Iphone',	11),
(183,	'Honor',	11),
(184,	'Huawei',	11),
(185,	'Nokia',	11),
(186,	'Xiaomi',	11),
(187,	'Lg',	11),
(188,	'Motorola',	11),
(189,	'Sony Xperia',	11),
(190,	'Vivo',	11),
(191,	'16 GB',	4),
(192,	'32 GB',	4),
(193,	'Siva',	1),
(194,	'12 MP, 12 MP',	7),
(195,	'3400mAh Li-Po',	6),
(196,	'3020mAh Li-Po',	6),
(197,	'3500mAh Li-Po',	6);

DROP TABLE IF EXISTS `phones`;
CREATE TABLE `phones` (
PRIMARY KEY( id, attr_values_id ),
  `id` int(11) NOT NULL,
  `attr_values_id` int(11) NOT NULL,
  KEY `attr_values_id` (`attr_values_id`),
  CONSTRAINT `phones_ibfk_1` FOREIGN KEY (`attr_values_id`) REFERENCES `attribute_values` (`id`) ON DELETE NO ACTION ON UPDATE NO ACTION
) ENGINE=InnoDB DEFAULT CHARSET=utf8mb4;

INSERT INTO `phones` (`id`, `attr_values_id`) VALUES
(1,	1),
(1,	3),
(1,	6),
(1,	18),
(1,	43),
(1,	75),
(1,	78),
(1,	83),
(1,	104),
(1,	120),
(1,	142),
(1,	181),
(2,	1),
(2,	3),
(2,	6),
(2,	44),
(2,	76),
(2,	78),
(2,	84),
(2,	18),
(2,	105),
(2,	121),
(2,	181),
(2,	143),
(3,	1),
(3,	3),
(3,	7),
(3,	19),
(3,	45),
(3,	79),
(3,	85),
(3,	106),
(3,	122),
(3,	145),
(3,	181),
(3,	77),
(4,	1),
(4,	3),
(4,	7),
(4,	19),
(4,	46),
(4,	77),
(4,	79),
(4,	85),
(4,	106),
(4,	122),
(4,	145),
(4,	181),
(5,	1),
(5,	2),
(5,	5),
(5,	20),
(5,	47),
(5,	75),
(5,	80),
(5,	86),
(5,	107),
(5,	123),
(5,	146),
(5,	181),
(6,	1),
(6,	2),
(6,	8),
(6,	21),
(6,	48),
(6,	87),
(6,	108),
(6,	124),
(6,	147),
(6,	181),
(6,	77),
(6,	79),
(7,	1),
(7,	3),
(7,	10),
(7,	23),
(7,	49),
(7,	192),
(7,	81),
(7,	88),
(7,	108),
(7,	121),
(7,	181),
(7,	149),
(8,	1),
(8,	4),
(8,	9),
(8,	22),
(8,	49),
(8,	192),
(8,	81),
(8,	87),
(8,	108),
(8,	124),
(8,	148),
(8,	181),
(9,	1),
(9,	193),
(9,	11),
(9,	194),
(9,	50),
(9,	77),
(9,	81),
(9,	89),
(9,	109),
(9,	122),
(9,	150),
(9,	182),
(10,	1),
(10,	2),
(10,	12),
(10,	194),
(10,	51),
(10,	77),
(10,	90),
(10,	110),
(10,	120),
(10,	151),
(10,	182),
(10,	79),
(11,	193),
(11,	11),
(11,	194),
(11,	52),
(11,	77),
(11,	79),
(11,	91),
(11,	111),
(11,	125),
(11,	152),
(11,	182),
(12,	1),
(12,	4),
(12,	11),
(12,	19),
(12,	52),
(12,	77),
(12,	81),
(12,	92),
(12,	110),
(12,	120),
(12,	153),
(12,	182),
(13,	1),
(13,	3),
(13,	8),
(13,	24),
(13,	53),
(13,	75),
(13,	80),
(13,	87),
(13,	112),
(13,	124),
(13,	154),
(13,	183),
(14,	1),
(14,	3),
(14,	9),
(14,	25),
(14,	54),
(14,	77),
(14,	79),
(14,	87),
(14,	155),
(14,	184),
(14,	108),
(14,	126),
(15,	1),
(15,	3),
(15,	13),
(15,	26),
(15,	53),
(15,	77),
(15,	79),
(15,	87),
(15,	113),
(15,	127),
(15,	156),
(15,	184),
(16,	1),
(16,	3),
(16,	13),
(16,	28),
(16,	55),
(16,	77),
(16,	79),
(16,	195),
(16,	105),
(16,	128),
(16,	157),
(16,	183),
(17,	1),
(17,	3),
(17,	14),
(17,	29),
(17,	56),
(17,	82),
(17,	93),
(17,	191),
(17,	114),
(17,	129),
(17,	158),
(17,	184),
(18,	1),
(18,	3),
(18,	5),
(18,	30),
(18,	58),
(18,	77),
(18,	79),
(18,	195),
(18,	108),
(18,	131),
(18,	160),
(18,	183),
(19,	1),
(19,	10),
(19,	29),
(19,	57),
(19,	81),
(19,	192),
(19,	196),
(19,	115),
(19,	137),
(19,	159),
(19,	183),
(20,	1),
(20,	3),
(20,	5),
(20,	27),
(20,	53),
(20,	75),
(20,	80),
(20,	94),
(20,	108),
(20,	132),
(20,	161),
(20,	184),
(21,	1),
(21,	2),
(21,	23),
(21,	10),
(21,	59),
(21,	81),
(21,	192),
(21,	95),
(21,	114),
(21,	133),
(21,	162),
(21,	185),
(22,	1),
(22,	10),
(22,	31),
(22,	60),
(22,	192),
(22,	197),
(22,	105),
(22,	121),
(22,	163),
(22,	185),
(22,	81),
(23,	1),
(23,	4),
(23,	15),
(23,	32),
(23,	61),
(23,	77),
(23,	89),
(23,	86),
(23,	108),
(23,	127),
(23,	164),
(23,	186),
(24,	1),
(24,	4),
(24,	15),
(24,	33),
(24,	62),
(24,	89),
(24,	87),
(24,	108),
(24,	134),
(24,	165),
(24,	186),
(24,	77),
(25,	1),
(25,	2),
(25,	16),
(25,	34),
(25,	63),
(25,	192),
(25,	81),
(25,	87),
(25,	108),
(25,	121),
(25,	166),
(25,	186),
(26,	1),
(26,	1),
(26,	5),
(26,	35),
(26,	64),
(26,	75),
(26,	80),
(26,	96),
(26,	108),
(26,	132),
(26,	167),
(26,	186),
(27,	1),
(27,	2),
(27,	16),
(27,	36),
(27,	65),
(27,	192),
(27,	81),
(27,	87),
(27,	108),
(27,	121),
(27,	168),
(27,	186),
(28,	3),
(28,	193),
(28,	15),
(28,	33),
(28,	66),
(28,	77),
(28,	80),
(28,	97),
(28,	108),
(28,	135),
(28,	169),
(28,	186),
(29,	1),
(29,	3),
(29,	15),
(29,	37),
(29,	67),
(29,	77),
(29,	80),
(29,	98),
(29,	108),
(29,	134),
(29,	170),
(29,	186),
(30,	1),
(30,	14),
(30,	19),
(30,	2),
(30,	68),
(30,	77),
(30,	80),
(30,	83),
(30,	116),
(30,	136),
(30,	171),
(30,	186),
(31,	1),
(31,	5),
(31,	25),
(31,	63),
(31,	77),
(31,	79),
(31,	99),
(31,	115),
(31,	137),
(31,	172),
(31,	186),
(31,	2),
(32,	1),
(32,	3),
(32,	10),
(32,	19),
(32,	69),
(32,	192),
(32,	82),
(32,	88),
(32,	114),
(32,	138),
(32,	173),
(32,	186),
(33,	1),
(33,	3),
(33,	17),
(33,	18),
(33,	70),
(33,	77),
(33,	80),
(33,	98),
(33,	117),
(33,	124),
(33,	174),
(33,	187),
(34,	3),
(34,	193),
(34,	9),
(34,	38),
(34,	71),
(34,	192),
(34,	81),
(34,	87),
(34,	114),
(34,	139),
(34,	175),
(34,	187),
(35,	2),
(35,	3),
(35,	12),
(35,	39),
(35,	72),
(35,	75),
(35,	79),
(35,	197),
(35,	118),
(35,	121),
(35,	176),
(35,	188),
(36,	4),
(36,	10),
(36,	40),
(36,	71),
(36,	192),
(36,	82),
(36,	100),
(36,	115),
(36,	120),
(36,	177),
(36,	188),
(37,	1),
(37,	10),
(37,	193),
(37,	23),
(37,	73),
(37,	77),
(37,	81),
(37,	101),
(37,	118),
(37,	140),
(37,	157),
(37,	189),
(38,	1),
(38,	3),
(38,	10),
(38,	41),
(38,	67),
(38,	75),
(38,	80),
(38,	102),
(38,	118),
(38,	120),
(38,	178),
(38,	189),
(39,	1),
(39,	3),
(39,	9),
(39,	42),
(39,	74),
(39,	75),
(39,	78),
(39,	86),
(39,	119),
(39,	141),
(39,	179),
(39,	190),
(40,	1),
(40,	4),
(40,	9),
(40,	40),
(40,	65),
(40,	77),
(40,	79),
(40,	103),
(40,	105),
(40,	139),
(40,	180),
(40,	190);

-- 2020-08-18 19:14:40